timestamp,episode,total_steps,episode_return,episode_length,mean_return_10,mean_return_100,avg_loss,buffer_size
2025-12-20T19:27:46.202184,10,489,6.0,41,4.9,4.9,0.298234336744479,469
2025-12-20T19:29:02.877514,20,897,9.0,68,5.9,5.4,0.4748832210292661,857
2025-12-20T19:30:15.471254,30,1533,5.0,57,6.8,5.866666666666666,0.389443246329703,1473
2025-12-20T19:31:52.974472,40,2053,3.0,37,6.0,5.9,0.2347966985004704,1973
2025-12-20T19:33:40.138449,50,2670,8.0,67,7.5,6.22,0.44343179222044904,2570
2025-12-20T19:34:49.233230,60,3128,6.0,62,5.9,6.166666666666667,0.38790295182204826,3008
2025-12-20T19:36:08.855673,70,3607,1.0,18,5.7,6.1,0.1318903977308816,3467
2025-12-20T19:38:02.538398,80,3984,7.0,58,4.7,5.925,0.3789499116137745,3824
2025-12-20T19:39:54.869577,90,4503,1.0,21,5.7,5.9,0.1268647259813014,4323
2025-12-20T19:41:11.237783,100,5007,6.0,47,6.9,6.0,0.2956759057393888,4807
2025-12-20T19:42:16.691544,110,5393,8.0,46,4.8,5.99,0.279652426882488,5173
2025-12-20T19:43:45.506245,120,5972,16.0,134,6.9,6.09,0.8822395171576399,5732
2025-12-20T19:45:34.999438,130,6466,3.0,36,5.7,5.98,0.5835793711922386,5497
2025-12-20T19:46:38.836819,140,6889,5.0,34,5.8,5.96,0.5134588198228316,5900
2025-12-20T19:48:02.631638,150,7305,3.0,33,5.5,5.76,0.571648493680087,6296
2025-12-20T19:49:58.044679,160,7654,5.0,25,5.0,5.67,0.34952702522277834,6625
2025-12-20T19:51:34.543465,170,8070,15.0,100,5.9,5.69,1.5609853735991888,8174
2025-12-20T19:52:52.866765,180,8451,9.0,46,5.1,5.73,0.6725006955010551,8535
2025-12-20T19:54:33.622448,190,9013,8.0,93,6.7,5.83,1.400526659829276,9077
2025-12-20T19:57:01.081473,200,9518,13.0,86,6.5,5.79,1.2230230058942522,9562
2025-12-20T19:59:19.640504,210,9889,4.0,25,4.5,5.76,0.36682448642594473,9913
2025-12-20T20:00:17.957382,220,10226,4.0,38,4.1,5.48,0.649146284375872,10230
2025-12-20T20:01:42.305282,230,10606,0.0,15,4.8,5.39,0.16203934805733816,10590
2025-12-20T20:03:24.264828,240,10987,0.0,18,4.1,5.22,0.31970962030547007,10951
2025-12-20T20:04:58.915640,250,11508,2.0,19,5.6,5.23,0.15617378319011016,10968
2025-12-20T20:06:19.404305,260,11828,4.0,23,3.4,5.07,0.17027252795649508,11268
2025-12-20T20:07:48.112981,270,12290,0.0,33,5.5,5.03,0.2574266545912799,11710
2025-12-20T20:09:37.804217,280,12723,6.0,36,5.9,5.11,0.28553277604720173,12123
2025-12-20T20:11:00.870348,290,13187,7.0,63,6.2,5.06,0.9409292524511164,12321
2025-12-20T20:12:08.169395,300,13453,6.0,34,4.5,4.86,0.4805877685546875,12567
2025-12-20T20:13:29.676678,310,13939,5.0,62,7.3,5.14,1.008577251434326,13033
2025-12-20T20:15:23.015710,320,14269,10.0,69,4.7,5.2,1.071916983344338,13343
2025-12-20T20:17:26.870454,330,14772,1.0,24,6.3,5.35,0.3733795859596946,13826
2025-12-20T20:18:44.800324,340,15264,8.0,39,7.8,5.72,0.5763544342734597,14298
2025-12-20T20:19:47.485639,350,15631,2.0,15,4.9,5.65,0.21718010035428134,14645
2025-12-20T20:21:41.825871,360,16058,1.0,51,5.7,5.88,0.7235242800279097,15052
2025-12-20T20:23:34.484201,370,16394,13.0,61,5.4,5.87,0.5562806712256537,15556
2025-12-20T20:25:12.549700,380,16800,7.0,61,5.2,5.8,0.5380573219723171,15942
2025-12-20T20:26:14.602074,390,17271,2.0,19,6.4,5.82,0.18171590169270832,16393
2025-12-20T20:28:03.937675,400,17724,5.0,28,7.3,6.1,0.22777338027954103,16826
2025-12-20T20:29:52.618116,410,18178,16.0,99,5.9,5.96,2.1058457919529507,18110
2025-12-20T20:31:13.819505,420,18752,1.0,41,6.5,6.14,0.9353574003492083,18664
2025-12-20T20:32:35.899718,430,19272,5.0,42,7.8,6.29,0.8218545005435035,19164
2025-12-20T20:34:31.648913,440,19737,3.0,30,6.3,6.14,0.6502694487571716,19609
2025-12-20T20:36:17.724546,450,20421,3.0,49,9.0,6.55,0.6719173301349987,19238
2025-12-20T20:37:49.970704,460,20807,1.0,13,4.8,6.46,0.19234378988092596,19604
2025-12-20T20:39:03.328226,470,21184,12.0,66,5.6,6.48,0.9643201264468106,19961
2025-12-20T20:40:54.858183,480,21609,2.0,53,5.1,6.47,0.7282084768468683,20366
2025-12-20T20:42:53.633791,490,22292,10.0,88,9.4,6.77,0.6994657282735787,21345
2025-12-20T20:44:19.339048,500,22676,5.0,35,4.8,6.52,0.24482365916757023,21709
2025-12-20T20:45:38.323318,510,23147,11.0,54,6.4,6.57,0.36668571070128797,22160
2025-12-20T20:47:38.361703,520,23582,8.0,69,5.7,6.49,0.5544085479250142,22575
2025-12-20T20:51:42.406044,530,24137,10.0,42,6.8,6.39,0.289610108908485,23110
2025-12-20T20:54:49.526627,540,24781,5.0,24,9.0,6.66,0.17787686048769483,23734
2025-12-20T20:56:50.083129,550,25241,10.0,116,5.9,6.35,0.893296500047048,24174
2025-12-20T20:59:27.204736,560,25782,14.0,88,7.3,6.6,0.6194962309856041,24695
2025-12-20T21:01:46.306372,570,26201,11.0,75,5.5,6.59,0.5847000619944405,25094
2025-12-20T21:03:17.242214,580,26776,9.0,86,7.2,6.8,0.6109011874479406,25649
2025-12-20T21:04:37.910707,590,27243,10.0,52,6.6,6.52,0.42471063137054443,26096
2025-12-20T21:06:48.056064,600,27540,8.0,53,4.5,6.49,0.4483101110832364,26373
2025-12-20T21:08:44.788026,610,27953,7.0,38,5.9,6.44,0.23237730241289326,26766
2025-12-20T21:10:27.455817,620,28422,2.0,30,6.6,6.53,0.2248514306311514,27215
2025-12-20T21:11:46.760815,630,28871,1.0,19,5.8,6.43,0.13567262654211007,27644
2025-12-20T21:13:45.513092,640,29351,6.0,43,6.3,6.16,0.3265782851798862,28104
2025-12-20T21:15:54.287974,650,29845,1.0,20,7.4,6.31,0.14341608215780818,28578
2025-12-20T21:17:04.154226,660,30242,5.0,28,6.4,6.22,0.2411787182677026,28955
2025-12-20T21:18:34.787763,670,30660,1.0,32,5.9,6.26,0.24378240342233695,29353
2025-12-20T21:20:33.853757,680,31143,4.0,33,6.4,6.18,0.24129798833061666,29816
2025-12-20T21:22:37.233466,690,31733,12.0,70,7.7,6.29,0.5273683503562329,30386
2025-12-20T21:24:22.117771,700,32144,3.0,43,5.3,6.37,0.3307417116913141,30777
2025-12-20T21:25:36.779036,710,32467,21.0,148,4.4,6.22,1.13795790719051,31080
2025-12-20T21:27:55.045326,720,32889,13.0,123,4.8,6.04,0.8390793823728374,31482
2025-12-20T21:30:00.099151,730,33397,8.0,42,6.5,6.11,0.32589272658030194,31970
2025-12-20T21:31:30.271345,740,33932,3.0,33,7.5,6.23,0.21079234165303848,32485
2025-12-20T21:32:55.098293,750,34407,0.0,21,5.9,6.08,0.16308972181058398,32940
2025-12-20T21:35:17.197289,760,34769,2.0,14,5.5,5.99,0.13434842053581686,33282
2025-12-20T21:37:13.972302,770,35187,4.0,55,5.3,5.93,0.5666844318439435,33490
2025-12-20T21:38:23.751604,780,35654,10.0,37,7.4,6.03,0.4260050631188727,33937
2025-12-20T21:39:50.475033,790,36142,21.0,129,6.8,5.94,1.3671689048990028,34405
2025-12-20T21:42:21.258426,800,36727,7.0,65,7.7,6.18,0.6964815916953149,34970
2025-12-20T21:44:00.610321,810,37080,10.0,72,4.9,6.23,0.7565466459695395,35303
2025-12-20T21:45:22.956952,820,37463,3.0,23,5.3,6.28,0.2214532842883816,35666
2025-12-20T21:46:39.836646,830,37973,12.0,63,7.9,6.42,0.6703535442228441,36156
2025-12-20T21:48:49.203548,840,38399,2.0,45,4.0,6.07,0.481278809634122,36562
2025-12-20T22:00:12.033922,850,38819,9.0,38,6.0,6.08,0.3866679049157477,36962
2025-12-20T22:01:29.915621,860,39267,9.0,52,6.1,6.14,0.4764488641317789,37390
2025-12-20T22:03:13.500207,870,39633,3.0,26,4.4,6.05,0.2462208673551485,37736
2025-12-20T22:05:55.401661,880,40132,4.0,26,7.3,6.04,0.230376571803898,38215
2025-12-20T22:08:10.394940,890,40718,10.0,72,8.1,6.17,0.7215868900348614,38781
2025-12-20T22:09:37.784789,900,40985,2.0,13,4.1,5.81,0.1453326801200966,39028
2025-12-20T22:11:14.286978,910,41268,3.0,28,4.6,5.78,0.260750894422655,39291
2025-12-20T22:13:30.538083,920,41749,12.0,88,7.6,6.01,0.7700806902600573,39752
2025-12-20T22:15:29.257752,930,42129,4.0,23,4.9,5.71,0.24537791524614608,40112
2025-12-20T22:16:57.776148,940,42743,6.0,48,8.5,6.16,0.4335574763161795,40706
2025-12-20T22:17:58.878103,950,43146,6.0,35,6.7,6.23,0.28095770114428037,41089
2025-12-20T22:19:37.111334,960,43569,20.0,135,6.0,6.22,1.1221602195269103,41492
2025-12-20T22:21:06.834182,970,43889,2.0,24,3.8,6.16,0.23327098109505393,42705
2025-12-20T22:22:30.023816,980,44317,17.0,96,6.0,6.03,0.9196891598887258,43113
2025-12-20T22:23:53.446875,990,44691,4.0,49,4.9,5.71,0.4737760401391364,43467
2025-12-20T22:25:32.256567,1000,45120,11.0,41,7.0,6.0,0.3595247237713306,43876
2025-12-20T22:27:15.679944,1010,45554,4.0,45,6.6,6.2,0.398921782320196,44290
2025-12-20T22:28:47.953356,1020,45820,5.0,26,4.3,5.87,0.2740931696706004,44536
2025-12-20T22:30:04.717088,1030,46143,11.0,56,5.1,5.89,0.458577578718012,44839
2025-12-20T22:31:44.976500,1040,46616,6.0,28,6.7,5.71,0.29157508503306995,45292
2025-12-20T22:33:04.273353,1050,47211,9.0,48,9.0,5.94,0.47185454430518214,45867
2025-12-20T22:34:38.339831,1060,47507,11.0,65,3.9,5.73,0.6349321232213603,46143
2025-12-20T22:35:51.851664,1070,48185,9.0,78,9.2,6.27,0.6615288335007506,46801
2025-12-20T22:37:40.571084,1080,48523,2.0,15,4.4,6.11,0.16107475912416136,47119
2025-12-20T22:39:53.790404,1090,49013,2.0,19,6.9,6.31,0.09840757724566337,46529
2025-12-20T22:42:06.610488,1100,49328,4.0,23,4.9,6.1,0.12283386430169782,46824
2025-12-20T22:43:35.880949,1110,49564,5.0,28,4.2,5.86,0.14844629805312198,47040
2025-12-20T22:44:59.891146,1120,49976,9.0,41,6.9,6.12,0.23029297437423316,47432
2025-12-20T22:46:25.754795,1130,50334,10.0,40,7.2,6.33,0.3343927953150365,48031
2025-12-20T22:47:34.494360,1140,50857,6.0,37,8.3,6.49,0.31603332308979776,48534
2025-12-20T22:48:46.423206,1150,51307,4.0,29,6.4,6.23,0.2848396053561917,48964
2025-12-20T22:50:46.845825,1160,51677,7.0,34,6.2,6.46,0.2389962642223804,49314
2025-12-20T22:52:27.489526,1170,52160,4.0,49,7.7,6.31,0.3578480992998396,50009
2025-12-20T22:53:34.922858,1180,52615,12.0,64,7.4,6.61,0.45605213920791426,50444
2025-12-20T22:54:42.045163,1190,53106,4.0,19,7.7,6.69,0.15159026988140947,50915
2025-12-20T22:56:43.843266,1200,53751,17.0,78,11.0,7.3,0.6362099043734661,51540
2025-12-20T22:58:42.092141,1210,54286,1.0,20,7.4,7.62,0.096377666090049,52117
2025-12-20T22:59:57.634322,1220,54784,17.0,74,7.9,7.72,0.4092744320046668,52595
2025-12-20T23:01:21.443002,1230,55190,2.0,13,6.4,7.64,0.08452585631725835,52981
2025-12-20T23:03:20.438773,1240,55582,3.0,26,6.0,7.41,0.15279532413856656,53353
2025-12-20T23:04:58.771302,1250,55974,4.0,28,6.5,7.42,0.14954049096387975,53725
2025-12-20T23:07:17.883426,1260,56607,9.0,97,9.1,7.71,0.5190818414968603,54338
2025-12-20T23:08:58.738178,1270,57125,15.0,53,8.8,7.82,0.34187568402757834,54836
2025-12-20T23:11:42.017361,1280,57494,9.0,35,6.8,7.76,0.19573274897594078,55185
2025-12-20T23:14:01.725391,1290,58093,22.0,105,10.0,7.99,0.5290128980197158,55764
2025-12-20T23:15:36.461230,1300,58844,9.0,94,10.2,7.91,0.4691973270154467,56495
2025-12-20T23:17:04.489936,1310,59447,15.0,55,9.5,8.12,0.26698700645390677,57078
2025-12-20T23:19:58.236600,1320,59857,3.0,20,6.2,7.95,0.10002052316478655,57468
2025-12-20T23:22:28.531937,1330,60596,2.0,23,10.1,8.32,0.08659842084435855,58187
2025-12-20T23:24:00.800195,1340,61155,4.0,18,9.6,8.68,0.1037182328747768,58726
2025-12-20T23:26:10.142059,1350,61644,2.0,20,6.8,8.71,0.08543905323626948,59195
2025-12-20T23:28:44.821120,1360,62151,15.0,66,8.2,8.62,0.36723801668952494,59682
2025-12-20T23:31:16.448576,1370,62638,1.0,7,8.2,8.56,0.026644986049801696,60149
2025-12-20T23:32:37.850499,1380,63038,18.0,100,7.0,8.58,0.4485259032716938,60529
2025-12-20T23:34:38.277348,1390,63493,3.0,37,7.1,8.29,0.19132062033110975,60964
2025-12-20T23:37:29.137996,1400,63904,10.0,51,6.8,7.95,0.22114245798073562,61355
2025-12-20T23:39:01.953365,1410,64510,2.0,37,9.0,7.9,0.1916923768380109,61941
2025-12-20T23:41:19.763271,1420,65058,1.0,24,8.6,8.14,0.11181836794404422,62469
2025-12-20T23:42:55.124227,1430,65628,10.0,32,9.0,8.03,0.13244140031290988,63019
2025-12-20T23:46:28.394451,1440,66291,3.0,19,10.5,8.12,0.07831689423205805,63662
2025-12-20T23:48:35.020509,1450,66777,1.0,24,7.8,8.22,0.11178721399868236,64128
2025-12-20T23:50:17.526135,1460,67313,19.0,96,9.9,8.39,0.4122696922105901,64644
2025-12-20T23:52:27.036350,1470,67821,12.0,54,8.0,8.37,0.2397119496382919,65132
2025-12-20T23:55:03.942318,1480,68481,3.0,73,9.4,8.61,0.2949863590446173,65772
2025-12-20T23:57:18.869207,1490,69073,2.0,34,7.6,8.66,0.15309767629586013,66344
2025-12-20T23:58:45.235467,1500,69526,1.0,28,7.9,8.77,0.12759273659949208,66777
2025-12-21T00:00:18.544421,1510,70235,24.0,97,12.1,9.08,0.40222516714357864,67466
2025-12-21T00:03:04.397264,1520,70792,6.0,41,7.7,8.99,0.17488986954969518,68003
2025-12-21T00:05:03.201373,1530,71303,10.0,43,7.4,8.83,0.17104101531645832,68494
2025-12-21T00:06:31.307053,1540,71707,4.0,23,6.0,8.38,0.08393692561224395,68878
2025-12-21T00:07:51.294505,1550,72151,4.0,40,7.4,8.34,0.14805508711758783,69302
2025-12-21T00:10:31.104715,1560,72864,14.0,66,10.1,8.36,0.2613093934807123,69995
2025-12-21T00:13:05.743576,1570,73440,10.0,80,8.5,8.41,0.4561139004571097,71910
2025-12-21T00:14:33.400275,1580,74088,25.0,110,11.1,8.58,0.5496222426493963,72538
2025-12-21T00:16:26.016385,1590,74656,3.0,39,8.0,8.62,0.18235187445368087,73086
2025-12-21T00:18:24.625725,1600,75202,0.0,39,9.1,8.74,0.14900328928516024,73612
2025-12-21T00:20:47.739170,1610,75775,10.0,45,7.9,8.32,0.23197218917665027,74165
2025-12-21T00:22:17.062979,1620,76257,11.0,74,7.1,8.26,0.3730268868662062,74627
2025-12-21T00:23:34.193256,1630,76795,7.0,31,8.7,8.39,0.15542005783035642,75145
2025-12-21T00:25:37.548272,1640,77386,10.0,87,8.7,8.66,0.41082373403367545,75716
2025-12-21T00:27:56.275810,1650,77982,12.0,80,9.5,8.87,0.3865875942366464,76327
2025-12-21T00:30:11.878302,1660,78493,3.0,30,8.2,8.68,0.13184672310238793,76818
2025-12-21T00:31:24.472274,1670,78888,8.0,38,6.6,8.49,0.17480732784384773,77193
2025-12-21T00:34:18.342409,1680,79533,5.0,39,9.9,8.37,0.19021516399724142,77818
2025-12-21T00:36:37.334676,1690,80059,16.0,73,9.0,8.47,0.33438430584612344,77942
2025-12-21T00:37:55.234996,1700,80616,14.0,98,8.7,8.43,0.4770938597974323,78479
2025-12-21T00:39:17.819404,1710,81135,0.0,15,7.4,8.38,0.08522310569172814,78978
2025-12-21T00:42:02.735253,1720,81606,13.0,54,8.1,8.48,0.26436592638492584,79429
2025-12-21T00:44:33.751634,1730,82147,1.0,19,7.6,8.37,0.08153936976478213,79950
2025-12-21T00:45:59.458994,1740,82624,22.0,87,8.3,8.33,0.4132336729339191,80407
2025-12-21T00:47:39.337836,1750,83282,3.0,18,9.3,8.31,0.08462405204772949,81045
2025-12-21T00:50:39.282933,1760,83692,2.0,20,7.3,8.22,0.06684116593429021,81435
2025-12-21T00:53:18.329745,1770,84298,5.0,31,9.4,8.5,0.16599900310947782,82021
2025-12-21T00:54:43.909354,1780,84714,6.0,33,8.0,8.31,0.18810388445854187,82417
2025-12-21T00:56:02.512832,1790,85256,8.0,44,8.7,8.28,0.20802029541560582,82939
2025-12-21T00:58:30.872627,1800,85771,4.0,36,7.3,8.14,0.15616474619933537,83434
2025-12-21T01:01:30.319781,1810,86287,15.0,96,8.1,8.21,0.4668310958714712,83930
2025-12-21T01:02:42.845135,1820,86734,0.0,16,7.3,8.13,0.09327898422876994,84357
2025-12-21T01:04:21.321677,1830,87512,31.0,195,12.6,8.63,1.0043016026417415,85115
2025-12-21T01:06:55.641123,1840,88080,14.0,75,7.9,8.59,0.3765921684957686,85663
2025-12-21T01:09:12.873899,1850,88749,5.0,78,9.8,8.64,0.328101947194054,86312
2025-12-21T01:10:40.034909,1860,89406,12.0,114,9.5,8.86,0.4935750968399502,86949
2025-12-21T01:12:24.521089,1870,90100,17.0,89,10.8,9.0,0.47542527672790347,87623
2025-12-21T01:15:11.111820,1880,90672,3.0,69,7.9,8.99,0.3089458516665867,88175
2025-12-21T01:18:08.090802,1890,91291,22.0,103,10.4,9.16,0.47346238472632,89198
2025-12-21T01:19:28.389460,1900,91832,12.0,88,7.8,9.21,0.40052077103228795,89719
2025-12-21T01:21:18.820506,1910,92397,3.0,39,7.9,9.19,0.178301948876608,90264
2025-12-21T01:24:10.004884,1920,93113,2.0,41,12.1,9.67,0.18758520554928554,90960
2025-12-21T01:26:30.779164,1930,93900,9.0,81,10.3,9.44,0.38045045023872737,91727
2025-12-21T01:28:33.335778,1940,94500,1.0,18,9.8,9.63,0.0628537784020106,92307
2025-12-21T01:30:16.387279,1950,95105,14.0,48,11.0,9.75,0.19709300143378122,92892
2025-12-21T01:32:59.048747,1960,95790,11.0,63,10.7,9.87,0.3177455837527911,93557
2025-12-21T01:35:19.489581,1970,96206,2.0,14,6.5,9.44,0.060145496612503416,93953
2025-12-21T01:36:54.091285,1980,96833,3.0,37,9.4,9.59,0.12704853926386153,94560
2025-12-21T01:38:27.669209,1990,97396,13.0,68,8.7,9.42,0.31449509660402936,95103
2025-12-21T01:40:47.776327,2000,97895,0.0,24,8.3,9.47,0.07985433297497886,95582
2025-12-21T01:43:37.440579,2010,98518,9.0,80,9.6,9.64,0.35223127333890825,96185
2025-12-21T01:45:37.279277,2020,99249,7.0,53,11.5,9.58,0.22172456483046213,96896
2025-12-21T01:48:19.797448,2030,99877,26.0,100,11.0,9.65,0.5172055235930851,97504
2025-12-21T01:52:06.059127,2040,100553,11.0,71,9.3,9.6,0.29872996431021465,98160
2025-12-21T01:55:08.150351,2050,101292,16.0,81,11.3,9.63,0.2978224374708675,99000
2025-12-21T01:56:33.033369,2060,102035,13.0,111,10.9,9.65,0.4759431300418718,99723
2025-12-21T01:57:57.418960,2070,102790,20.0,94,11.6,10.16,0.42865230781691416,100000
2025-12-21T02:00:18.001437,2080,103310,1.0,21,7.5,9.97,0.08226850628852844,100000
2025-12-21T02:02:49.971817,2090,103881,3.0,50,9.0,10.0,0.2072325022447677,100000
2025-12-21T02:06:02.893031,2100,104524,14.0,52,10.5,10.22,0.21979778082597823,100000
2025-12-21T02:08:29.267019,2110,105180,5.0,36,9.9,10.25,0.16564915435654776,100000
2025-12-21T02:10:49.382761,2120,105788,3.0,31,9.8,10.08,0.1449446649778457,100000
2025-12-21T02:13:27.515168,2130,106423,6.0,52,9.1,9.89,0.2574259482678913,100000
2025-12-21T02:15:33.032726,2140,106855,1.0,19,7.1,9.67,0.07981071443784804,100000
2025-12-21T02:17:34.675680,2150,107563,0.0,42,11.4,9.68,0.1684371374902271,100000
2025-12-21T02:20:35.058761,2160,108246,5.0,51,10.0,9.59,0.17526341548987798,100000
2025-12-21T02:22:27.041574,2170,108758,2.0,44,6.6,9.09,0.22581331786655245,100000
2025-12-21T02:24:02.275816,2180,109364,7.0,59,9.0,9.24,0.2723597068162191,100000
2025-12-21T02:25:37.797959,2190,109911,16.0,73,9.5,9.29,0.3688992496047701,100000
2025-12-21T02:28:02.503414,2200,110456,1.0,24,8.7,9.11,0.12179945196424212,100000
2025-12-21T02:31:11.685871,2210,111219,0.0,13,11.9,9.31,0.06872410149801345,100000
2025-12-21T02:33:05.056733,2220,111792,20.0,105,9.6,9.29,0.44040071183726903,100000
2025-12-21T02:34:49.522463,2230,112346,1.0,15,7.6,9.14,0.058605567330405825,100000
2025-12-21T02:38:03.808363,2240,112901,7.0,59,9.2,9.35,0.26411613254320054,100000
2025-12-21T02:41:09.819564,2250,113420,8.0,44,9.0,9.11,0.1713380604272797,100000
2025-12-21T02:44:39.859428,2260,114078,2.0,53,11.5,9.26,0.23727003094695864,100000
2025-12-21T02:46:45.663325,2270,114664,2.0,41,8.8,9.48,0.17190198529334294,100000
2025-12-21T02:50:28.017175,2280,115372,22.0,138,10.7,9.65,0.6230956798508054,100000
2025-12-21T02:53:51.718328,2290,116097,29.0,114,11.9,9.89,0.4559109629619689,100000
2025-12-21T02:56:02.346766,2300,116954,26.0,179,12.0,10.22,0.7818751835397312,100000
2025-12-21T02:58:11.289179,2310,117609,8.0,87,9.7,10.0,0.36625816247292925,100000
2025-12-21T03:01:39.920687,2320,118158,0.0,22,8.2,9.86,0.09657399285407293,100000
2025-12-21T03:04:31.048144,2330,118694,1.0,15,8.1,9.91,0.06021940850076221,100000
2025-12-21T03:06:08.247106,2340,119397,3.0,37,10.4,10.03,0.21180286010106406,100000
2025-12-21T03:07:43.089966,2350,120028,24.0,106,10.9,10.22,0.46923094615340233,100000
2025-12-21T03:11:45.757561,2360,120610,5.0,53,8.6,9.93,0.2683880783262707,100000
2025-12-21T03:15:41.903954,2370,121248,23.0,118,10.2,10.07,0.335058730840683,100000
2025-12-21T03:17:39.342856,2380,121899,1.0,29,9.3,9.93,0.07834646999835967,100000
2025-12-21T03:19:24.557591,2390,122412,1.0,39,8.1,9.55,0.11158720205227533,100000
2025-12-21T03:21:53.580322,2400,122909,23.0,98,8.5,9.2,0.25997106979290646,100000
2025-12-21T03:24:51.532311,2410,123503,2.0,32,7.8,9.01,0.08237508833408355,100000
2025-12-21T03:27:00.047924,2420,124044,8.0,37,7.9,8.98,0.09785920331875483,100000
2025-12-21T03:28:59.357823,2430,124651,8.0,63,9.4,9.11,0.15888128926356634,100000
2025-12-21T03:32:59.855190,2440,125077,4.0,44,6.4,8.71,0.1274447997411092,100000
2025-12-21T03:35:20.553468,2450,125666,4.0,36,8.6,8.48,0.07579483762383461,100000
2025-12-21T03:37:01.773211,2460,126049,5.0,58,5.6,8.18,0.14217920390268166,100000
2025-12-21T03:38:53.403702,2470,126654,20.0,95,10.5,8.21,0.23146640931566556,100000
2025-12-21T03:43:17.000620,2480,127249,0.0,26,9.9,8.27,0.07575003206729888,100000
2025-12-21T03:45:48.862380,2490,127898,8.0,32,10.1,8.47,0.06726115370790163,100000
2025-12-21T03:47:59.346947,2500,128439,0.0,18,9.5,8.57,0.060624348123868306,100000
2025-12-21T03:49:22.402392,2510,128893,5.0,85,7.2,8.51,0.18478277524312336,100000
2025-12-21T03:53:37.729262,2520,129702,29.0,179,12.0,8.92,0.49840968400239943,100000
2025-12-21T03:56:23.835601,2530,130155,4.0,43,7.5,8.73,0.11746656199296315,100000
2025-12-21T03:58:29.212765,2540,130862,6.0,63,11.1,9.2,0.13344142337640127,100000
2025-12-21T04:01:01.628663,2550,131525,0.0,33,9.5,9.29,0.07567386676867803,100000
2025-12-21T04:03:33.502403,2560,132189,21.0,104,10.4,9.77,0.2739831286172072,100000
2025-12-21T04:06:22.628241,2570,132677,5.0,36,9.0,9.62,0.147129577540216,100000
2025-12-21T04:08:11.622872,2580,133328,31.0,151,11.4,9.77,0.67729980746905,100000
2025-12-21T04:09:46.336700,2590,133913,1.0,33,9.5,9.71,0.1583908512478783,100000
2025-12-21T04:13:14.565577,2600,134534,1.0,15,10.9,9.85,0.0863207167103177,100000
2025-12-21T04:16:49.837034,2610,135092,4.0,21,10.4,10.17,0.08144990177381606,100000
2025-12-21T04:19:28.442735,2620,135751,2.0,43,10.1,9.98,0.16719652925218856,100000
2025-12-21T04:21:23.981250,2630,136345,10.0,38,10.0,10.23,0.1821708863689786,100000
2025-12-21T04:25:45.217211,2640,136915,9.0,98,8.7,9.99,0.42977405729747953,100000
2025-12-21T04:30:08.985935,2650,137535,27.0,128,9.5,9.99,0.5419983230121843,100000
2025-12-21T04:32:19.099412,2660,138234,20.0,113,11.6,10.11,0.4125679495570424,100000
2025-12-21T04:34:07.527727,2670,138815,0.0,20,8.1,10.02,0.06685507428515089,100000
2025-12-21T04:38:23.988479,2680,139430,7.0,73,9.8,9.86,0.23067204670591668,100000
2025-12-21T04:41:24.441754,2690,140003,15.0,64,9.7,9.88,0.22690962042127336,100000
2025-12-21T04:43:33.106822,2700,140699,13.0,117,10.3,9.82,0.43352959018487197,100000
2025-12-21T04:45:56.082634,2710,141400,12.0,78,9.7,9.75,0.27009928160971336,100000
2025-12-21T04:49:42.124285,2720,141867,19.0,77,8.5,9.59,0.26815296169165725,100000
2025-12-21T04:53:15.363449,2730,142451,6.0,82,8.9,9.48,0.4732179365613881,100000
2025-12-21T04:55:32.345816,2740,143097,21.0,113,10.5,9.66,0.49158331839477315,100000
2025-12-21T04:57:14.965338,2750,143769,1.0,17,9.8,9.69,0.12339067809722003,100000
2025-12-21T05:00:52.289424,2760,144320,4.0,45,8.8,9.41,0.290597561527701,100000
2025-12-21T05:04:51.251003,2770,144958,7.0,47,9.6,9.56,0.1618075377338535,100000
2025-12-21T05:07:16.724427,2780,145724,1.0,27,10.2,9.6,0.121788658283569,100000
2025-12-21T05:09:41.711088,2790,146271,3.0,26,9.1,9.54,0.1354271717123933,100000
2025-12-21T05:13:48.702490,2800,146912,2.0,22,8.7,9.38,0.1014437164579119,100000
2025-12-21T05:17:12.057806,2810,147618,16.0,132,10.4,9.45,0.47163780704959407,100000
2025-12-21T05:19:03.887324,2820,148255,16.0,62,10.1,9.61,0.22003368099967202,100000
2025-12-21T05:20:56.285963,2830,148816,9.0,57,8.0,9.52,0.20276977531202547,100000
2025-12-21T05:23:47.356484,2840,149462,17.0,80,10.6,9.53,0.2987155043161832,100000
2025-12-21T05:26:27.260481,2850,150171,16.0,62,11.2,9.67,0.19746402364510757,100000
2025-12-21T05:28:12.745573,2860,150686,4.0,22,7.3,9.52,0.05552626049125588,100000
2025-12-21T05:30:27.765514,2870,151268,2.0,23,8.3,9.39,0.08923349537692227,100000
2025-12-21T05:34:49.272442,2880,151891,12.0,100,10.0,9.37,0.318858184329756,100000
2025-12-21T05:38:04.831540,2890,152402,16.0,75,8.1,9.27,0.2635577684575385,100000
2025-12-21T05:40:04.333654,2900,152917,5.0,23,8.2,9.22,0.06288738728879573,100000
2025-12-21T05:41:36.094869,2910,153506,10.0,109,8.4,9.02,0.3875753260575808,100000
2025-12-21T05:45:43.829017,2920,154117,20.0,99,10.8,9.09,0.31702393948376834,100000
2025-12-21T05:48:37.094065,2930,154736,26.0,115,10.7,9.36,0.4020595242688944,100000
2025-12-21T05:51:00.853829,2940,155408,16.0,76,10.9,9.39,0.26805754284282307,100000
2025-12-21T05:52:44.686966,2950,156031,7.0,46,9.3,9.2,0.1434675232394711,100000
2025-12-21T05:55:57.980438,2960,156589,2.0,32,8.8,9.35,0.11138115806893988,100000
2025-12-21T05:59:15.560754,2970,157202,3.0,26,9.0,9.42,0.08353512087366083,100000
2025-12-21T06:01:53.287996,2980,157713,6.0,72,7.1,9.13,0.2460023711670886,100000
2025-12-21T06:03:48.702643,2990,158288,26.0,102,10.5,9.37,0.33398603459635934,100000
2025-12-21T06:07:48.144840,3000,159052,6.0,62,9.8,9.53,0.27130641288809726,100000
2025-12-21T06:10:26.269777,3010,159652,16.0,54,9.2,9.61,0.16773504217465718,100000
2025-12-21T06:12:25.755005,3020,160293,1.0,14,9.5,9.48,0.058029921849568684,100000
2025-12-21T06:14:31.272927,3030,160987,26.0,121,12.5,9.66,0.4483593063222037,100000
2025-12-21T06:16:43.851773,3040,161495,5.0,53,7.7,9.34,0.20568487975332472,100000
2025-12-21T06:20:33.167525,3050,162132,24.0,148,9.4,9.35,0.5174563455057668,100000
2025-12-21T06:22:33.681390,3060,162614,3.0,31,7.3,9.2,0.0829294428720579,100000
2025-12-21T06:24:35.957261,3070,163302,0.0,30,9.8,9.28,0.06268462031097202,100000
2025-12-21T06:28:08.610210,3080,164029,24.0,114,11.6,9.73,0.36846857968267505,100000
2025-12-21T06:31:12.658849,3090,164728,11.0,116,9.5,9.63,0.35121006338478444,100000
2025-12-21T06:32:47.649073,3100,165226,15.0,52,9.1,9.56,0.1989700931769151,100000
2025-12-21T06:34:30.866460,3110,165819,14.0,81,8.9,9.53,0.24076364230323624,100000
2025-12-21T06:37:08.080323,3120,166426,2.0,31,8.3,9.41,0.10987076654539003,100000
2025-12-21T06:40:29.601578,3130,166967,10.0,68,8.0,8.96,0.2420797125323788,100000
2025-12-21T06:42:57.126764,3140,167472,1.0,24,8.2,9.01,0.07264747265931014,100000
2025-12-21T06:44:26.465037,3150,167929,13.0,100,7.3,8.8,0.3399604987967145,100000
2025-12-21T06:47:25.378997,3160,168740,8.0,87,11.7,9.24,0.30546311755756755,100000
2025-12-21T06:49:56.234558,3170,169307,17.0,76,9.1,9.17,0.3093828724490272,100000
2025-12-21T06:51:47.423595,3180,169881,9.0,104,7.8,8.79,0.3280201643705368,100000
2025-12-21T06:53:10.020743,3190,170608,13.0,67,10.7,8.91,0.26356893132130305,100000
2025-12-21T06:55:51.854477,3200,171180,8.0,46,9.7,8.97,0.17758777075343662,100000
2025-12-21T06:58:33.464128,3210,171793,19.0,102,10.7,9.15,0.3949657294485304,100000
2025-12-21T07:01:32.174932,3220,172397,6.0,41,7.9,9.11,0.16156796084509956,100000
2025-12-21T07:04:14.790046,3230,172960,0.0,14,9.0,9.21,0.03708345625135634,100000
2025-12-21T07:08:33.707212,3240,173668,31.0,187,12.0,9.59,0.612305272784498,100000
2025-12-21T07:11:49.700382,3250,174242,0.0,28,8.5,9.71,0.2276471815136976,100000
2025-12-21T07:14:11.233487,3260,174973,14.0,56,11.3,9.67,0.5916352965110956,100000
2025-12-21T07:16:36.231213,3270,175412,6.0,66,5.7,9.33,0.5447568636994029,100000
2025-12-21T07:19:30.216271,3280,175954,0.0,18,8.1,9.36,0.12555507587832074,100000
2025-12-21T07:22:20.230812,3290,176456,5.0,31,7.9,9.08,0.10530180666181777,100000
2025-12-21T07:24:16.089084,3300,176909,0.0,23,7.5,8.86,0.07239276303185357,100000
2025-12-21T07:26:48.397061,3310,177336,16.0,64,7.3,8.52,0.23062182582086987,100000
2025-12-21T07:32:00.923297,3320,177849,2.0,22,8.3,8.56,0.08777080509397718,100000
2025-12-21T07:34:59.659729,3330,178460,2.0,19,9.1,8.57,0.07450464765230815,100000
2025-12-21T07:36:48.497153,3340,179057,21.0,90,9.4,8.31,0.2846248100201289,100000
2025-12-21T07:39:12.584264,3350,179743,9.0,45,12.2,8.68,0.10425791525178485,100000
2025-12-21T07:42:53.180289,3360,180437,5.0,62,9.6,8.51,0.16269896576801937,100000
2025-12-21T07:46:37.628870,3370,181114,2.0,46,10.6,9.0,0.10122754176457723,100000
2025-12-21T07:48:39.904968,3380,181671,9.0,88,8.7,9.06,0.29193166731506265,100000
2025-12-21T07:51:19.327007,3390,182315,27.0,192,11.2,9.39,0.6260331872329917,100000
2025-12-21T07:53:20.633054,3400,182923,3.0,26,9.5,9.59,0.09135302548767418,100000
2025-12-21T07:56:34.766069,3410,183569,1.0,19,10.0,9.86,0.04692080881860521,100000
2025-12-21T07:58:45.884323,3420,184029,8.0,32,8.2,9.85,0.09046918418672349,100000
2025-12-21T08:01:28.715258,3430,184616,4.0,38,9.2,9.86,0.12741734517945183,100000
2025-12-21T08:03:59.512906,3440,185126,4.0,31,8.9,9.81,0.10839624007542928,100000
2025-12-21T08:06:50.984109,3450,185713,5.0,59,9.7,9.56,0.2216106481022305,100000
2025-12-21T08:08:21.357376,3460,186265,6.0,67,8.1,9.41,0.20612881117396883,100000
2025-12-21T08:11:02.797305,3470,186903,16.0,66,10.3,9.38,0.20138699246777428,100000
2025-12-21T08:15:00.586097,3480,187442,12.0,92,8.0,9.31,0.2803590206636323,100000
2025-12-21T08:17:42.484743,3490,188036,21.0,88,10.5,9.24,0.22391892152447854,100000
2025-12-21T08:19:45.177606,3500,188532,16.0,140,7.9,9.08,0.41759431298061084,100000
2025-12-21T08:21:40.686645,3510,189163,27.0,128,10.3,9.11,0.39888155908994777,100000
2025-12-21T08:25:40.880796,3520,189697,4.0,33,8.1,9.1,0.11410337366083617,100000
2025-12-21T08:28:00.516342,3530,190335,14.0,55,10.1,9.19,0.1999945996269103,100000
2025-12-21T08:30:24.177763,3540,190816,1.0,16,7.3,9.03,0.06540670958898401,100000
2025-12-21T08:32:29.589982,3550,191362,8.0,101,8.3,8.89,0.27841754305747246,100000
2025-12-21T08:35:11.419015,3560,191935,18.0,68,9.4,9.02,0.21443033026110742,100000
2025-12-21T08:37:08.144834,3570,192379,9.0,49,7.9,8.78,0.15591361541901866,100000
2025-12-21T08:39:39.049484,3580,193000,27.0,136,10.8,9.06,0.4958341733742786,100000
2025-12-21T08:41:36.225367,3590,193534,1.0,19,7.6,8.77,0.0937694759779079,100000
2025-12-21T08:44:39.950456,3600,194123,2.0,19,8.6,8.84,0.06712319453557332,100000
2025-12-21T08:48:13.757380,3610,194587,8.0,38,7.6,8.57,0.12848889475227684,100000
2025-12-21T08:50:25.608467,3620,195271,13.0,48,9.5,8.71,0.1247123412547573,100000
2025-12-21T08:52:26.861077,3630,195850,6.0,78,10.0,8.7,0.22110356871158846,100000
2025-12-21T08:55:45.632326,3640,196383,10.0,38,8.0,8.77,0.14656621025454614,100000
2025-12-21T08:58:31.226070,3650,196917,1.0,17,8.2,8.76,0.053059476998544505,100000
2025-12-21T09:00:08.186581,3660,197380,12.0,38,8.4,8.66,0.09261620301072315,100000
2025-12-21T09:01:36.222442,3670,198031,1.0,33,9.4,8.81,0.0976517693970793,100000
2025-12-21T09:05:27.831959,3680,198450,7.0,50,6.7,8.4,0.11194870324545009,100000
2025-12-21T09:07:47.322644,3690,199023,7.0,60,8.9,8.53,0.20982814684350004,100000
2025-12-21T09:09:57.644353,3700,199595,10.0,98,9.2,8.59,0.2593036543938421,100000
2025-12-21T09:12:46.287437,3710,200140,18.0,80,9.7,8.8,0.25627369457675564,100000
2025-12-21T09:17:50.406096,3720,200622,10.0,52,9.7,8.82,0.14472609662240551,100000
2025-12-21T09:21:36.524269,3730,201305,10.0,37,10.9,8.91,0.10030251485045238,100000
2025-12-21T09:23:44.897442,3740,201920,3.0,39,9.9,9.1,0.10284170380202673,100000
2025-12-21T09:25:35.374556,3750,202477,0.0,44,8.6,9.14,0.09587348981570172,100000
2025-12-21T09:28:28.054320,3760,203173,13.0,42,10.4,9.34,0.11051494556088601,100000
2025-12-21T09:32:09.502893,3770,203729,4.0,24,8.6,9.26,0.09193179492027528,100000
2025-12-21T09:33:37.091690,3780,204242,19.0,105,7.9,9.38,0.3396069090212545,100000
2025-12-21T09:35:16.152488,3790,204920,4.0,53,10.2,9.51,0.16371022609453048,100000
2025-12-21T09:39:50.210671,3800,205565,12.0,140,8.2,9.41,0.40799665082526465,100000
2025-12-21T09:44:06.247941,3810,206065,9.0,80,8.7,9.31,0.20713290347847887,100000
2025-12-21T09:45:34.857509,3820,206647,19.0,68,11.2,9.46,0.20678381381496305,100000
2025-12-21T09:47:34.010452,3830,207149,4.0,29,7.6,9.13,0.09264539710937007,100000
2025-12-21T09:52:03.021194,3840,207535,2.0,30,5.9,8.73,0.08198283500568841,100000
2025-12-21T09:54:39.060245,3850,208092,3.0,31,8.7,8.74,0.09354601271690861,100000
2025-12-21T09:56:39.379297,3860,208702,1.0,17,9.1,8.61,0.04352887022879816,100000
2025-12-21T09:58:40.451199,3870,209323,1.0,20,9.5,8.7,0.04121003932850335,100000
2025-12-21T10:02:41.752718,3880,209760,1.0,27,7.9,8.7,0.10503995258321044,100000
2025-12-21T10:06:03.328390,3890,210314,9.0,58,9.4,8.62,0.18742788607074368,100000
2025-12-21T10:07:44.724369,3900,210857,7.0,50,8.3,8.63,0.1609240113407053,100000
2025-12-21T10:09:40.781441,3910,211390,21.0,88,9.7,8.73,0.23415129175109248,100000
2025-12-21T10:13:31.733363,3920,211990,2.0,43,9.8,8.59,0.1342917328239769,100000
2025-12-21T10:17:11.169253,3930,212469,1.0,13,7.7,8.6,0.041168837137119746,100000
2025-12-21T10:19:35.381498,3940,213193,10.0,62,10.5,9.06,0.16848543799051674,100000
2025-12-21T10:21:41.957868,3950,213802,5.0,58,9.8,9.17,0.13824608889959192,100000
2025-12-21T10:24:34.382755,3960,214190,1.0,13,7.3,8.99,0.04806822474284839,100000
2025-12-21T10:27:34.452405,3970,214698,0.0,14,7.7,8.81,0.05064984290830551,100000
2025-12-21T10:29:40.834474,3980,215350,22.0,137,9.7,8.99,0.4024614526699948,100000
2025-12-21T10:32:09.389962,3990,216071,14.0,166,9.7,9.02,0.37899751788986624,100000
2025-12-21T10:34:03.418344,4000,216537,3.0,19,7.4,8.93,0.06774020643644435,100000
2025-12-21T10:37:26.170427,4010,217098,1.0,26,8.2,8.78,0.09561526615132568,100000
2025-12-21T10:39:50.462735,4020,217671,27.0,130,10.1,8.81,0.3554628159730665,100000
2025-12-21T10:41:06.255294,4030,218246,1.0,20,8.3,8.87,0.05451520828790562,100000
2025-12-21T10:44:10.385350,4040,218830,9.0,121,8.0,8.62,0.3579307448479437,100000
2025-12-21T10:45:55.501768,4050,219231,0.0,14,5.6,8.2,0.03975935456573322,100000
2025-12-21T10:48:21.430312,4060,219726,4.0,25,8.5,8.32,0.07744931790136522,100000
2025-12-21T10:50:18.500676,4070,220210,10.0,39,8.0,8.35,0.12274139126141866,100000
2025-12-21T10:55:17.884281,4080,220845,13.0,131,9.1,8.29,0.3677802513683996,100000
2025-12-21T10:57:53.352826,4090,221575,23.0,108,11.5,8.47,0.2679299447805651,100000
2025-12-21T11:00:19.497017,4100,221992,0.0,11,5.6,8.29,0.027762034567453527,100000
2025-12-21T11:02:17.955039,4110,222625,17.0,68,10.1,8.48,0.1535064451476579,100000
2025-12-21T11:04:57.351710,4120,223155,4.0,35,7.9,8.26,0.09376591379924487,100000
2025-12-21T11:08:33.623701,4130,223704,18.0,96,9.2,8.35,0.26856518480726466,100000
2025-12-21T11:10:04.821528,4140,224301,9.0,75,8.7,8.42,0.21175621530061128,100000
2025-12-21T11:11:32.468579,4150,224872,0.0,13,7.2,8.58,0.021998772377608923,100000
2025-12-21T11:14:47.424212,4160,225576,24.0,116,11.3,8.86,0.3269540148396646,100000
2025-12-21T11:18:25.198046,4170,226003,2.0,30,7.0,8.76,0.22249869424469618,100000
2025-12-21T11:20:21.428314,4180,226674,17.0,64,10.8,8.93,0.36244481619523494,100000
2025-12-21T11:22:15.994729,4190,227203,6.0,44,9.4,8.72,0.2456059936358004,100000
2025-12-21T11:23:57.414380,4200,227751,1.0,29,6.9,8.85,0.28179519942828585,100000
2025-12-21T11:26:10.023154,4210,228556,8.0,54,12.8,9.12,0.16277749117682963,100000
2025-12-21T11:28:04.384631,4220,229075,8.0,71,8.3,9.16,0.2099008469020619,100000
2025-12-21T11:29:36.778506,4230,229637,12.0,43,8.4,9.08,0.08596598330666037,100000
2025-12-21T11:33:58.308748,4240,230281,4.0,20,10.4,9.25,0.07380473876700681,100000
2025-12-21T11:36:51.868098,4250,230883,10.0,35,9.5,9.48,0.21301347265640894,100000
2025-12-21T11:38:49.851762,4260,231458,6.0,26,7.6,9.11,0.12480747451384862,100000
2025-12-21T11:40:31.381871,4270,232081,2.0,13,9.7,9.38,0.02984598817096816,100000
2025-12-21T11:43:44.798899,4280,232665,3.0,25,8.5,9.15,0.1062934510409832,100000
2025-12-21T11:47:46.147580,4290,233201,21.0,86,9.6,9.17,0.6068330711009455,100000
2025-12-21T11:49:31.730747,4300,233623,8.0,37,6.4,9.12,0.375332096043755,100000
2025-12-21T11:50:58.579009,4310,234054,6.0,29,7.8,8.62,0.18754220008850098,100000
2025-12-21T11:54:19.060950,4320,234654,9.0,76,10.2,8.81,0.4122907963453555,100000
2025-12-21T11:56:38.878392,4330,235144,4.0,28,8.6,8.83,0.167013123923657,100000
2025-12-21T11:58:41.343220,4340,235755,3.0,42,9.6,8.75,0.23843001559668897,100000
2025-12-21T12:00:08.956207,4350,236252,28.0,132,8.2,8.62,0.8670409199069528,100000
2025-12-21T12:04:17.391935,4360,236785,10.0,45,8.7,8.73,0.3497758595382466,100000
2025-12-21T12:06:49.693425,4370,237298,3.0,32,8.0,8.56,0.19132110651801615,100000
2025-12-21T12:08:49.188235,4380,237937,11.0,65,10.9,8.8,0.4395754319780013,100000
2025-12-21T12:11:10.784489,4390,238422,2.0,18,8.7,8.71,0.1712958485472436,100000
2025-12-21T12:13:44.057974,4400,239115,2.0,16,11.0,9.17,0.13523649000654034,100000
2025-12-21T12:17:24.813086,4410,239667,6.0,43,8.1,9.2,0.0574464910739177,100000
2025-12-21T12:18:59.424248,4420,240220,2.0,29,8.6,9.04,0.05062591358348056,100000
2025-12-21T12:20:30.224623,4430,240820,14.0,53,9.7,9.15,0.11341519425581167,100000
2025-12-21T12:23:34.220121,4440,241387,6.0,37,9.3,9.12,0.09570052629118567,100000
2025-12-21T12:25:48.243924,4450,241952,27.0,126,9.4,9.24,0.5059602952575031,100000
2025-12-21T12:28:02.658945,4460,242625,2.0,63,9.3,9.3,0.23589754676165647,100000
2025-12-21T12:29:48.638636,4470,243327,1.0,37,8.8,9.38,0.09803424979725929,100000
2025-12-21T12:33:45.630434,4480,244039,8.0,95,9.7,9.26,0.5089731004140149,100000
2025-12-21T12:36:56.479234,4490,244539,6.0,49,7.2,9.11,0.07594230959007332,100000
2025-12-21T12:39:00.454072,4500,245194,25.0,119,9.8,8.99,0.2536975889055579,100000
2025-12-21T12:41:04.926797,4510,245954,32.0,210,11.0,9.28,0.46512914294595115,100000
2025-12-21T12:43:38.379526,4520,246625,3.0,37,10.6,9.48,0.04270933810118083,100000
2025-12-21T12:46:50.188192,4530,247195,15.0,57,10.1,9.52,0.12186853860815366,100000
2025-12-21T12:49:01.199984,4540,247804,3.0,54,8.8,9.47,0.09142427767316501,100000
2025-12-21T12:51:01.806535,4550,248663,0.0,15,12.5,9.78,0.030338146289189658,100000
2025-12-21T12:54:51.029437,4560,249204,15.0,69,9.1,9.76,0.14613870431979498,100000
2025-12-21T12:58:06.464979,4570,249828,0.0,20,9.0,9.78,0.02816702127456665,100000
2025-12-21T12:59:59.197779,4580,250268,1.0,22,5.4,9.35,0.0318581389884154,100000
2025-12-21T13:02:16.271078,4590,250909,19.0,76,11.3,9.76,0.13503548155228298,100000
2025-12-21T13:04:28.145540,4600,251392,7.0,64,7.8,9.56,0.13307120328148206,100000
2025-12-21T13:07:51.629916,4610,251982,0.0,13,9.2,9.38,0.06838654548349515,100000
2025-12-21T13:10:04.570529,4620,252702,1.0,22,11.0,9.42,0.13987254760634732,100000
2025-12-21T13:12:04.019563,4630,253356,13.0,36,10.7,9.48,0.13343307711708713,100000
2025-12-21T13:15:53.820181,4640,253969,1.0,15,8.8,9.48,0.0641858267112517,100000
2025-12-21T13:18:24.795265,4650,254607,23.0,120,11.0,9.33,0.4526807789651441,100000
2025-12-21T13:20:17.976528,4660,255085,0.0,19,8.0,9.22,0.09190110211641016,100000
2025-12-21T13:22:15.175568,4670,255660,1.0,17,8.3,9.15,0.062193124227120845,100000
2025-12-21T13:25:35.455910,4680,256221,25.0,104,10.7,9.68,0.4237321073740301,100000
2025-12-21T13:29:03.145918,4690,256795,3.0,32,8.1,9.36,0.15377289763951707,100000
2025-12-21T13:30:57.418812,4700,257389,8.0,67,9.1,9.49,0.3526894455238924,100000
2025-12-21T13:32:29.287987,4710,257909,15.0,79,9.1,9.48,0.4356425510624708,100000
2025-12-21T13:35:53.827485,4720,258323,4.0,35,7.1,9.09,0.24062745651956333,100000
2025-12-21T13:38:18.765372,4730,258794,10.0,71,6.0,8.62,0.31769933286359753,100000
2025-12-21T13:40:17.026269,4740,259313,5.0,58,7.0,8.44,0.32146164875919536,100000
2025-12-21T13:41:58.654344,4750,259975,20.0,132,9.3,8.27,0.619446458957963,100000
2025-12-21T13:47:02.328677,4760,260849,4.0,90,10.1,8.48,0.5016198001675687,100000
2025-12-21T13:50:25.075303,4770,261462,3.0,30,8.8,8.53,0.12010100079795062,100000
2025-12-21T13:52:33.224669,4780,261883,3.0,35,6.9,8.15,0.14388511494054632,100000
2025-12-21T13:54:47.027274,4790,262432,2.0,24,8.3,8.17,0.16672118892103938,100000
2025-12-21T13:58:16.308227,4800,263000,20.0,83,10.1,8.27,0.43561768961154806,100000
2025-12-21T14:00:47.349053,4810,263501,4.0,50,7.5,8.11,0.2459581471600775,100000
2025-12-21T14:02:44.635661,4820,263993,22.0,131,8.3,8.23,0.7990829646587372,100000
2025-12-21T14:04:58.986704,4830,264517,12.0,73,9.3,8.56,0.46433854911286954,100000
2025-12-21T14:08:53.303400,4840,265102,2.0,31,8.2,8.68,0.16365864822420023,100000
2025-12-21T14:12:32.068100,4850,265661,14.0,66,9.0,8.65,0.27792697286201734,100000
2025-12-21T14:14:46.915891,4860,266175,3.0,47,7.3,8.37,0.17882506170515286,100000
2025-12-21T14:16:22.397533,4870,266573,21.0,79,7.4,8.23,0.3329042004326643,100000
2025-12-21T14:19:22.450859,4880,267049,5.0,31,8.6,8.4,0.17408811237852453,100000
2025-12-21T14:22:45.793618,4890,267612,14.0,60,9.3,8.5,0.2722848067207942,100000
2025-12-21T14:25:08.386283,4900,268243,15.0,151,9.1,8.4,0.714855439606167,100000
2025-12-21T14:26:40.784000,4910,268880,2.0,47,9.6,8.61,0.17966999988707286,100000
2025-12-21T14:29:35.416588,4920,269595,20.0,141,10.6,8.84,0.8048972198887477,100000
2025-12-21T14:32:03.584707,4930,270313,29.0,185,10.1,8.92,0.8589007582456346,100000
2025-12-21T14:33:40.990034,4940,270806,20.0,82,9.2,9.02,0.37389002716730513,100000
2025-12-21T14:35:03.758637,4950,271338,4.0,45,7.7,8.89,0.18458203238154214,100000
2025-12-21T14:37:36.342893,4960,271992,6.0,99,9.2,9.08,0.4817386595975785,100000
2025-12-21T14:41:10.779415,4970,272639,14.0,121,8.9,9.23,0.6254835275430528,100000
2025-12-21T14:42:36.367579,4980,273070,6.0,48,7.8,9.15,0.20340063694923644,100000
2025-12-21T14:44:35.994709,4990,273643,18.0,92,10.0,9.22,0.4386260289521444,100000
2025-12-21T14:47:00.013498,5000,274123,5.0,28,7.6,9.07,0.11375212480151464,100000
2025-12-21T14:50:10.060893,5010,274654,4.0,34,8.1,8.92,0.17048367716017224,100000
2025-12-21T14:52:06.131300,5020,275355,8.0,122,9.6,8.82,0.4804287247714542,100000
2025-12-21T14:53:50.536643,5030,276084,5.0,32,12.0,9.01,0.15232694716680617,100000
2025-12-21T14:57:34.724389,5040,276680,0.0,17,9.3,9.02,0.05712465114063687,100000
2025-12-21T15:00:58.563411,5050,277260,5.0,47,9.6,9.21,0.07355995732124405,100000
2025-12-21T15:02:56.129939,5060,278177,11.0,75,12.3,9.52,0.14924795293446744,100000
2025-12-21T15:05:03.885570,5070,278792,11.0,45,9.0,9.53,0.09215123033282732,100000
2025-12-21T15:09:47.658484,5080,279407,4.0,62,8.3,9.58,0.12592784864733916,100000
2025-12-21T15:12:14.478202,5090,280078,28.0,121,11.9,9.77,0.2507613594784881,100000
2025-12-21T15:14:05.336553,5100,280517,5.0,46,6.3,9.64,0.11401097521637425,100000
2025-12-21T15:16:12.423529,5110,280977,6.0,38,8.5,9.68,0.08722958525623938,100000
2025-12-21T15:20:32.587641,5120,281486,17.0,78,8.3,9.55,0.2116675397964439,100000
2025-12-21T15:22:23.442398,5130,281957,3.0,34,6.0,8.95,0.07904609721718413,100000
2025-12-21T15:24:22.718028,5140,282635,16.0,85,10.2,9.04,0.1641433151683422,100000
2025-12-21T15:25:55.125891,5150,283151,9.0,45,8.0,8.88,0.10573102849902528,100000
2025-12-21T15:29:27.917421,5160,283722,5.0,72,8.2,8.47,0.16576487096873196,100000
2025-12-21T15:32:51.121118,5170,284359,4.0,32,9.7,8.54,0.07350549703896647,100000
2025-12-21T15:34:25.380313,5180,284868,0.0,21,7.4,8.45,0.0478237448918699,100000
2025-12-21T15:36:02.285175,5190,285430,21.0,99,8.8,8.14,0.24592502791472157,100000
2025-12-21T15:38:45.537834,5200,285885,1.0,28,6.4,8.15,0.05415450412817676,100000
2025-12-21T15:41:01.819757,5210,286441,19.0,89,9.8,8.28,0.17772393847505252,100000
2025-12-21T15:42:30.844532,5220,287077,12.0,59,9.8,8.43,0.09971552528440952,100000
2025-12-21T15:44:17.760637,5230,287725,3.0,48,8.9,8.72,0.08118078062931697,100000
2025-12-21T15:48:22.663175,5240,288296,10.0,37,9.1,8.61,0.05608397722244263,100000
2025-12-21T15:52:28.001023,5250,288790,1.0,27,7.5,8.56,0.04788078417380651,100000
2025-12-21T15:53:59.310144,5260,289502,25.0,156,10.9,8.83,0.24022066829105218,100000
2025-12-21T15:55:41.589633,5270,290114,5.0,22,8.3,8.69,0.04272886912027995,100000
2025-12-21T15:59:31.122658,5280,290732,2.0,61,9.2,8.87,0.09385687311490377,100000
2025-12-21T16:03:12.747508,5290,291249,3.0,36,7.2,8.71,0.057956506684422496,100000
2025-12-21T16:05:38.823528,5300,291798,5.0,64,7.6,8.83,0.1003915270169576,100000
2025-12-21T16:07:27.093638,5310,292496,12.0,48,9.8,8.83,0.07102546480794748,100000
2025-12-21T16:10:34.602878,5320,293045,10.0,96,8.2,8.67,0.19205216690897942,100000
2025-12-21T16:14:52.204700,5330,293703,21.0,100,10.1,8.79,0.14122450966387987,100000
2025-12-21T16:16:51.849795,5340,294327,7.0,85,9.3,8.81,0.1370722696185112,100000
2025-12-21T16:18:40.250774,5350,294783,8.0,66,7.0,8.76,0.09223744527747234,100000
2025-12-21T16:21:48.628768,5360,295364,16.0,60,8.8,8.55,0.10971803292632103,100000
2025-12-21T16:25:12.074865,5370,295969,5.0,63,8.5,8.57,0.09653675133983294,100000
2025-12-21T16:26:58.603060,5380,296431,1.0,19,7.5,8.4,0.02776423345009486,100000
2025-12-21T16:28:45.913659,5390,296988,20.0,71,9.3,8.61,0.16044600158929825,100000
2025-12-21T16:32:00.188415,5400,297602,1.0,33,8.2,8.67,0.04551236107945442,100000
2025-12-21T16:34:42.111946,5410,298054,9.0,40,7.6,8.45,0.07395502602060636,100000
2025-12-21T16:36:11.332880,5420,298619,6.0,55,8.5,8.48,0.09809436487654845,100000
2025-12-21T16:37:56.807730,5430,299081,0.0,17,7.4,8.21,0.021948048720757167,100000
2025-12-21T16:42:40.934022,5440,299895,4.0,84,12.4,8.52,0.12746085189282894,100000
2025-12-21T16:45:08.975838,5450,300564,18.0,67,10.8,8.9,0.09000802859663963,100000
2025-12-21T16:47:44.337984,5460,301219,16.0,153,8.4,8.86,0.24022494368255137,100000
2025-12-21T16:49:38.453965,5470,301989,8.0,121,9.1,8.92,0.1788500706354777,100000
2025-12-21T16:52:18.105375,5480,302557,8.0,40,8.8,9.05,0.0685499536494414,100000
2025-12-21T16:54:44.486053,5490,303120,5.0,48,8.6,8.98,0.08002284442385038,100000
2025-12-21T16:56:21.159872,5500,303622,16.0,65,8.8,9.04,0.09741776523490747,100000
2025-12-21T16:58:18.312521,5510,304152,3.0,52,8.6,9.14,0.06594692505896091,100000
2025-12-21T17:03:07.547187,5520,304661,9.0,67,8.0,9.09,0.11948227882385254,100000
2025-12-21T17:06:05.976362,5530,305381,6.0,87,9.5,9.3,0.13625215714176495,100000
2025-12-21T17:07:49.322861,5540,305912,6.0,52,6.1,8.67,0.07845369763672352,100000
2025-12-21T17:09:24.649554,5550,306405,9.0,38,8.7,8.46,0.06634813075264295,100000
2025-12-21T17:14:07.387558,5560,307049,14.0,116,9.6,8.58,0.18771863877773284,100000
2025-12-21T17:16:37.093403,5570,307675,23.0,131,10.0,8.67,0.23181278842190903,100000
2025-12-21T17:18:55.580076,5580,308319,1.0,24,8.9,8.68,0.03797586287061373,100000
2025-12-21T17:20:54.209273,5590,308985,2.0,28,8.4,8.66,0.048521787549058594,100000
2025-12-21T17:24:21.888342,5600,309561,13.0,91,9.1,8.69,0.14527407909433046,100000
2025-12-21T17:27:50.273055,5610,310159,5.0,29,9.1,8.74,0.08213869569932714,100000
2025-12-21T17:29:45.812946,5620,310826,17.0,73,10.7,9.01,0.24500790983438492,100000
2025-12-21T17:31:38.555245,5630,311552,2.0,18,9.4,9.0,0.08168137906228795,100000
2025-12-21T17:34:55.601161,5640,312167,21.0,117,9.8,9.37,0.3956790494129938,100000
2025-12-21T17:39:18.940581,5650,312692,8.0,73,8.6,9.36,0.15657028195622202,100000
2025-12-21T17:41:40.195393,5660,313323,23.0,89,11.1,9.51,0.2146793191249554,100000
2025-12-21T17:43:55.606910,5670,313904,8.0,63,8.7,9.38,0.12855510151648258,100000
2025-12-21T17:48:48.660570,5680,314287,4.0,25,6.6,9.15,0.07568081885903746,100000
2025-12-21T17:51:56.614772,5690,314995,10.0,75,8.7,9.18,0.13744732917665126,100000
2025-12-21T17:54:05.662690,5700,315569,0.0,37,9.7,9.24,0.056100968148682144,100000
2025-12-21T17:56:47.948064,5710,316088,16.0,72,9.3,9.26,0.16410588202895698,100000
2025-12-21T17:59:58.774446,5720,316621,9.0,57,8.4,9.03,0.1287827416435703,100000
2025-12-21T18:03:00.743779,5730,317215,12.0,39,10.0,9.09,0.06691742696604885,100000
2025-12-21T18:04:57.686833,5740,317842,2.0,16,10.1,9.12,0.03703036920709924,100000
2025-12-21T18:07:13.090234,5750,318578,23.0,89,12.0,9.46,0.17459689907647752,100000
2025-12-21T18:11:56.881484,5760,319219,4.0,26,9.9,9.34,0.040304177409999975,100000
2025-12-21T18:14:22.227072,5770,319744,15.0,51,10.2,9.49,0.11349127482581925,100000
2025-12-21T18:16:59.427674,5780,320399,5.0,52,10.4,9.87,0.13663713797763155,100000
2025-12-21T18:19:14.517111,5790,321238,14.0,56,11.8,10.18,0.10921485541941045,100000
2025-12-21T18:21:42.924969,5800,321706,8.0,50,7.4,9.95,0.09499943321877784,100000
2025-12-21T18:25:02.986424,5810,322527,24.0,118,11.6,10.18,0.5306746383430436,100000
2025-12-21T18:27:00.247012,5820,323216,23.0,97,10.3,10.37,0.3758824644610286,100000
2025-12-21T18:28:50.666890,5830,323794,5.0,40,9.0,10.27,0.13448148174211383,100000
2025-12-21T18:32:12.136834,5840,324332,10.0,87,10.3,10.29,0.33319382811896503,100000
2025-12-21T18:35:24.231825,5850,325020,1.0,29,10.0,10.09,0.07762564811855555,100000
2025-12-21T18:38:04.472220,5860,325701,5.0,87,9.6,10.06,0.2877969502005726,100000
2025-12-21T18:40:19.874334,5870,326212,12.0,47,8.6,9.9,0.17973246122710407,100000
2025-12-21T18:44:21.123100,5880,326910,0.0,13,10.3,9.89,0.04668888496235013,100000
2025-12-21T18:47:52.525009,5890,327425,12.0,40,9.2,9.63,0.10784143717079372,100000
2025-12-21T18:49:39.056830,5900,327927,0.0,16,7.3,9.62,0.03437753160903742,100000
